{"cameraMode":{"drawMode":0,"name":"Shaded","section":"Shading Mode"},"sceneLighting":false,"audioPlay":false,"sceneViewState":{"m_AlwaysRefresh":false,"showFog":true,"showSkybox":false,"showFlares":true,"showImageEffects":true,"showParticleSystems":true,"showVisualEffectGraphs":true,"m_FxEnabled":true},"in2DMode":false,"pivot":{"x":-0.16133832931518556,"y":1.0747227668762208,"z":6.007270336151123},"rotation":{"x":-0.2535075843334198,"y":-0.037428583949804309,"z":0.009814408607780934,"w":-0.9665626883506775},"size":2.000326156616211,"orthographic":false}