{"cameraMode":{"drawMode":0,"name":"Shaded","section":"Shading Mode"},"sceneLighting":false,"audioPlay":false,"sceneViewState":{"m_AlwaysRefresh":false,"showFog":true,"showSkybox":false,"showFlares":true,"showImageEffects":true,"showParticleSystems":true,"showVisualEffectGraphs":true,"m_FxEnabled":true},"in2DMode":false,"pivot":{"x":-0.1292569637298584,"y":-0.9604110717773438,"z":0.008217811584472657},"rotation":{"x":-0.09074355661869049,"y":0.6679459810256958,"z":-0.08257455378770828,"w":-0.7340302467346191},"size":9.520345687866211,"orthographic":false}