{"cameraMode":{"drawMode":0,"name":"Shaded","section":"Shading Mode"},"sceneLighting":false,"audioPlay":false,"sceneViewState":{"m_AlwaysRefresh":false,"showFog":true,"showSkybox":false,"showFlares":true,"showImageEffects":true,"showParticleSystems":true,"showVisualEffectGraphs":true,"m_FxEnabled":true},"in2DMode":false,"pivot":{"x":-0.5698968768119812,"y":0.15618789196014405,"z":0.25722408294677737},"rotation":{"x":-0.45503801107406618,"y":0.016834581270813943,"z":-0.008606976829469204,"w":-0.8902866244316101},"size":1.749363660812378,"orthographic":false}