{"cameraMode":{"drawMode":0,"name":"Shaded","section":"Shading Mode"},"sceneLighting":false,"audioPlay":false,"sceneViewState":{"m_AlwaysRefresh":false,"showFog":true,"showSkybox":false,"showFlares":true,"showImageEffects":true,"showParticleSystems":true,"showVisualEffectGraphs":true,"m_FxEnabled":true},"in2DMode":false,"pivot":{"x":-0.16133832931518556,"y":1.424722671508789,"z":6.007270336151123},"rotation":{"x":0.11970745772123337,"y":0.008935201913118363,"z":-0.0010776682756841183,"w":0.9927669763565064},"size":2.996914863586426,"orthographic":false}