{"cameraMode":{"drawMode":0,"name":"Shaded","section":"Shading Mode"},"sceneLighting":false,"audioPlay":false,"sceneViewState":{"m_AlwaysRefresh":false,"showFog":true,"showSkybox":false,"showFlares":true,"showImageEffects":true,"showParticleSystems":true,"showVisualEffectGraphs":true,"m_FxEnabled":true},"in2DMode":false,"pivot":{"x":-0.05384594202041626,"y":0.2724868059158325,"z":-0.3705134391784668},"rotation":{"x":0.013424338772892952,"y":-0.9811676740646362,"z":0.17793278396129609,"w":0.07401811331510544},"size":2.366029977798462,"orthographic":false}