{"cameraMode":{"drawMode":0,"name":"Shaded","section":"Shading Mode"},"sceneLighting":false,"audioPlay":false,"sceneViewState":{"m_AlwaysRefresh":false,"showFog":true,"showSkybox":false,"showFlares":true,"showImageEffects":true,"showParticleSystems":true,"showVisualEffectGraphs":true,"m_FxEnabled":true},"in2DMode":false,"pivot":{"x":-1.520432472229004,"y":0.31292790174484255,"z":-0.09963291883468628},"rotation":{"x":0.4438575208187103,"y":1.0092494839852862e-8,"z":1.0665444527546697e-8,"w":0.8960986733436585},"size":2.0403783321380617,"orthographic":true}